-- MySQL dump 10.13  Distrib 8.0.43, for Linux (x86_64)
--
-- Host: localhost    Database: coding_platform
-- ------------------------------------------------------
-- Server version	8.0.43
-- Backup created on: 2025-09-07 16:56:41

/*!40101 SET @OLD_CHARACTER_SET_CLIENT=@@CHARACTER_SET_CLIENT */;
/*!40101 SET @OLD_CHARACTER_SET_RESULTS=@@CHARACTER_SET_RESULTS */;
/*!40101 SET @OLD_COLLATION_CONNECTION=@@COLLATION_CONNECTION */;
/*!50503 SET NAMES utf8mb4 */;
/*!40103 SET @OLD_TIME_ZONE=@@TIME_ZONE */;
/*!40103 SET TIME_ZONE='+00:00' */;
/*!40014 SET @OLD_UNIQUE_CHECKS=@@UNIQUE_CHECKS, UNIQUE_CHECKS=0 */;
/*!40014 SET @OLD_FOREIGN_KEY_CHECKS=@@FOREIGN_KEY_CHECKS, FOREIGN_KEY_CHECKS=0 */;
/*!40101 SET @OLD_SQL_MODE=@@SQL_MODE, SQL_MODE='NO_AUTO_VALUE_ON_ZERO' */;
/*!40111 SET @OLD_SQL_NOTES=@@SQL_NOTES, SQL_NOTES=0 */;

--
-- Table structure for table `assessments`
--

DROP TABLE IF EXISTS `assessments`;
/*!40101 SET @saved_cs_client     = @@character_set_client */;
/*!50503 SET character_set_client = utf8mb4 */;
CREATE TABLE `assessments` (
  `id` int NOT NULL AUTO_INCREMENT,
  `title` varchar(255) NOT NULL,
  `description` text,
  `duration` int NOT NULL DEFAULT '60',
  `language` enum('javascript','python','java','sql') NOT NULL DEFAULT 'javascript',
  `difficulty` enum('easy','medium','hard') NOT NULL DEFAULT 'medium',
  `status` enum('draft','active','archived') NOT NULL DEFAULT 'draft',
  `created_by` int NOT NULL,
  `created_at` timestamp NULL DEFAULT CURRENT_TIMESTAMP,
  `updated_at` timestamp NULL DEFAULT CURRENT_TIMESTAMP ON UPDATE CURRENT_TIMESTAMP,
  `total_time` int DEFAULT '90' COMMENT 'Temps total en minutes',
  `passing_score` int DEFAULT '70' COMMENT 'Score minimum %',
  `is_active` tinyint(1) DEFAULT '1',
  PRIMARY KEY (`id`),
  KEY `created_by` (`created_by`),
  CONSTRAINT `assessments_ibfk_1` FOREIGN KEY (`created_by`) REFERENCES `users` (`id`) ON DELETE CASCADE
) ENGINE=InnoDB AUTO_INCREMENT=21 DEFAULT CHARSET=utf8mb4 COLLATE=utf8mb4_0900_ai_ci;
/*!40101 SET character_set_client = @saved_cs_client */;

--
-- Dumping data for table `assessments`
--

LOCK TABLES `assessments` WRITE;
/*!40000 ALTER TABLE `assessments` DISABLE KEYS */;
INSERT INTO `assessments` VALUES (1,'sql','sql',60,'sql','easy','draft',1,'2025-08-03 17:36:38','2025-08-03 17:36:38',90,70,1),(2,'sql','sql',60,'sql','easy','active',2,'2025-08-09 13:24:56','2025-08-10 15:20:00',90,70,1),(3,'SQL Skills Assessment','Comprehensive SQL assessment covering all skill levels from beginner to expert',60,'javascript','medium','active',1,'2025-08-09 14:29:48','2025-08-09 14:29:48',90,70,1),(4,'SQL Skills Assessment','Comprehensive SQL assessment covering all skill levels from beginner to expert',60,'javascript','medium','active',1,'2025-08-09 14:31:01','2025-08-09 14:31:01',90,70,1),(5,'SQL Skills Assessment','Comprehensive SQL assessment covering all skill levels from beginner to expert',60,'javascript','medium','active',1,'2025-08-09 14:32:39','2025-08-09 14:32:39',90,70,1),(6,'JavaScript Fundamentals','Basic JavaScript programming skills assessment covering variables, functions, and control structures',45,'javascript','easy','active',1,'2025-08-09 14:59:30','2025-08-09 14:59:30',90,70,1),(7,'Python Data Structures','Advanced Python assessment focusing on data structures, algorithms, and object-oriented programming',90,'python','hard','active',1,'2025-08-09 14:59:30','2025-08-09 14:59:30',90,70,1),(8,'Java Spring Boot','Enterprise Java development with Spring Boot framework, REST APIs, and database integration',120,'java','hard','active',2,'2025-08-09 14:59:30','2025-08-10 15:19:58',90,70,1),(9,'SQL Database Design','Comprehensive SQL assessment covering database design, complex queries, and optimization',75,'sql','medium','active',1,'2025-08-09 14:59:30','2025-08-09 14:59:30',90,70,1),(10,'Frontend React Challenge','Modern React development with hooks, state management, and component architecture',60,'javascript','medium','active',2,'2025-08-09 14:59:30','2025-08-10 15:19:59',90,70,1),(11,'JavaScript Fundamentals','Basic JavaScript programming skills assessment covering variables, functions, and control structures',45,'javascript','easy','active',1,'2025-08-09 15:05:12','2025-08-09 15:05:12',90,70,1),(12,'Python Data Structures','Advanced Python assessment focusing on data structures, algorithms, and object-oriented programming',90,'python','hard','active',1,'2025-08-09 15:05:12','2025-08-09 15:05:12',90,70,1),(13,'Java Spring Boot','Enterprise Java development with Spring Boot framework, REST APIs, and database integration',120,'java','hard','active',2,'2025-08-09 15:05:12','2025-08-10 15:19:56',90,70,1),(14,'Frontend React Challenge','Modern React development with hooks, state management, and component architecture',60,'javascript','medium','active',2,'2025-08-09 15:05:12','2025-08-10 15:19:58',90,70,1),(15,'Database Optimization','Advanced SQL optimization techniques, indexing strategies, and query performance tuning',90,'sql','hard','active',1,'2025-08-09 15:05:12','2025-08-09 15:05:12',90,70,1),(16,'JavaScript Fundamentals Test','Basic JavaScript programming skills assessment covering ES6+ features',45,'javascript','easy','active',1,'2025-08-09 15:12:12','2025-08-09 15:12:12',90,70,1),(17,'Python Algorithm Challenge','Advanced Python data structures and algorithm implementation',90,'python','hard','active',1,'2025-08-09 15:12:12','2025-08-09 15:12:12',90,70,1),(18,'Java Enterprise Development','Spring Boot framework and REST API development',120,'java','hard','active',2,'2025-08-09 15:12:12','2025-08-10 15:19:42',90,70,1),(19,'React Frontend Assessment','Modern React hooks and component architecture',60,'javascript','medium','active',2,'2025-08-09 15:12:12','2025-08-10 15:19:55',90,70,1),(20,'Advanced SQL Queries','Complex SQL queries and database optimization',75,'sql','medium','draft',1,'2025-08-09 15:12:12','2025-08-09 15:12:12',90,70,1);
/*!40000 ALTER TABLE `assessments` ENABLE KEYS */;
UNLOCK TABLES;

--
-- Table structure for table `candidate_history`
--

DROP TABLE IF EXISTS `candidate_history`;
/*!40101 SET @saved_cs_client     = @@character_set_client */;
/*!50503 SET character_set_client = utf8mb4 */;
CREATE TABLE `candidate_history` (
  `id` int NOT NULL AUTO_INCREMENT,
  `candidate_id` int NOT NULL,
  `action` varchar(100) NOT NULL COMMENT 'Action effectu??e',
  `details` json DEFAULT NULL COMMENT 'D??tails de l''action',
  `performed_by` int NOT NULL COMMENT 'ID du recruteur',
  `created_at` timestamp NULL DEFAULT CURRENT_TIMESTAMP,
  PRIMARY KEY (`id`),
  KEY `performed_by` (`performed_by`),
  KEY `idx_candidate_history` (`candidate_id`,`created_at`),
  CONSTRAINT `candidate_history_ibfk_1` FOREIGN KEY (`candidate_id`) REFERENCES `users` (`id`) ON DELETE CASCADE,
  CONSTRAINT `candidate_history_ibfk_2` FOREIGN KEY (`performed_by`) REFERENCES `users` (`id`) ON DELETE CASCADE
) ENGINE=InnoDB AUTO_INCREMENT=11 DEFAULT CHARSET=utf8mb4 COLLATE=utf8mb4_0900_ai_ci;
/*!40101 SET character_set_client = @saved_cs_client */;

--
-- Dumping data for table `candidate_history`
--

LOCK TABLES `candidate_history` WRITE;
/*!40000 ALTER TABLE `candidate_history` DISABLE KEYS */;
INSERT INTO `candidate_history` VALUES (1,4,'started','{\"assessment_id\": 1, \"assessment_title\": \"SQL Skills Assessment\"}',4,'2024-01-15 10:00:00'),(2,4,'question_viewed','{\"question_id\": 1, \"question_title\": \"Employee Salary Query\"}',4,'2024-01-15 10:05:00'),(3,4,'code_submitted','{\"score\": 95.5, \"question_id\": 1, \"submission_id\": 1}',4,'2024-01-15 10:30:00'),(4,5,'started','{\"assessment_id\": 1, \"assessment_title\": \"SQL Skills Assessment\"}',5,'2024-01-16 14:00:00'),(5,6,'started','{\"assessment_id\": 1, \"assessment_title\": \"SQL Skills Assessment\"}',6,'2024-01-17 09:30:00'),(6,4,'started','{\"assessment_id\": 1, \"assessment_title\": \"SQL Skills Assessment\"}',4,'2024-01-15 10:00:00'),(7,4,'question_viewed','{\"question_id\": 1, \"question_title\": \"Employee Salary Query\"}',4,'2024-01-15 10:05:00'),(8,4,'code_submitted','{\"score\": 95.5, \"question_id\": 1, \"submission_id\": 1}',4,'2024-01-15 10:30:00'),(9,5,'started','{\"assessment_id\": 1, \"assessment_title\": \"SQL Skills Assessment\"}',5,'2024-01-16 14:00:00'),(10,6,'started','{\"assessment_id\": 1, \"assessment_title\": \"SQL Skills Assessment\"}',6,'2024-01-17 09:30:00');
/*!40000 ALTER TABLE `candidate_history` ENABLE KEYS */;
UNLOCK TABLES;

--
-- Table structure for table `invitations`
--

DROP TABLE IF EXISTS `invitations`;
/*!40101 SET @saved_cs_client     = @@character_set_client */;
/*!50503 SET character_set_client = utf8mb4 */;
CREATE TABLE `invitations` (
  `id` int NOT NULL AUTO_INCREMENT,
  `assessment_id` int NOT NULL,
  `candidate_email` varchar(255) NOT NULL,
  `candidate_name` varchar(255) DEFAULT NULL,
  `token` varchar(255) NOT NULL,
  `status` enum('pending','accepted','expired') NOT NULL DEFAULT 'pending',
  `expires_at` timestamp NULL DEFAULT NULL,
  `accepted_at` timestamp NULL DEFAULT NULL,
  `created_by` int NOT NULL,
  `created_at` timestamp NULL DEFAULT CURRENT_TIMESTAMP,
  `updated_at` timestamp NULL DEFAULT CURRENT_TIMESTAMP ON UPDATE CURRENT_TIMESTAMP,
  PRIMARY KEY (`id`),
  UNIQUE KEY `token` (`token`),
  KEY `assessment_id` (`assessment_id`),
  KEY `created_by` (`created_by`),
  CONSTRAINT `invitations_ibfk_1` FOREIGN KEY (`assessment_id`) REFERENCES `assessments` (`id`) ON DELETE CASCADE,
  CONSTRAINT `invitations_ibfk_2` FOREIGN KEY (`created_by`) REFERENCES `users` (`id`) ON DELETE CASCADE
) ENGINE=InnoDB AUTO_INCREMENT=21 DEFAULT CHARSET=utf8mb4 COLLATE=utf8mb4_0900_ai_ci;
/*!40101 SET character_set_client = @saved_cs_client */;

--
-- Dumping data for table `invitations`
--

LOCK TABLES `invitations` WRITE;
/*!40000 ALTER TABLE `invitations` DISABLE KEYS */;
INSERT INTO `invitations` VALUES (1,1,'john.smith@techcorp.com','John Smith','inv_js_001_abc123def456','pending','2025-08-16 15:12:12',NULL,2,'2025-08-09 15:12:12','2025-08-09 15:12:12'),(2,2,'maria.garcia@devstudio.com','Maria Garcia','inv_mg_002_ghi789jkl012','accepted','2025-08-16 15:12:12',NULL,2,'2025-08-09 15:12:12','2025-08-09 15:12:12'),(3,3,'david.wilson@innovate.io','David Wilson','inv_dw_003_mno345pqr678','pending','2025-08-16 15:12:12',NULL,1,'2025-08-09 15:12:12','2025-08-09 15:12:12'),(4,4,'sophie.brown@codelab.net','Sophie Brown','inv_sb_004_stu901vwx234','expired','2025-08-08 15:12:12',NULL,1,'2025-08-09 15:12:12','2025-08-09 15:12:12'),(5,5,'james.taylor@webdev.org','James Taylor','inv_jt_005_yz567abc890d','pending','2025-08-16 15:12:12',NULL,2,'2025-08-09 15:12:12','2025-08-09 15:12:12'),(6,1,'sarah.johnson@email.com','Sarah Johnson','inv_sj_001_abc123def456','pending','2025-08-16 15:27:50',NULL,2,'2025-08-09 15:27:50','2025-08-09 15:27:50'),(7,1,'mike.chen@email.com','Mike Chen','inv_mc_002_ghi789jkl012','accepted','2025-08-16 15:27:50',NULL,2,'2025-08-09 15:27:50','2025-08-09 15:27:50'),(8,1,'emma.davis@email.com','Emma Davis','inv_ed_003_mno345pqr678','pending','2025-08-16 15:27:50',NULL,1,'2025-08-09 15:27:50','2025-08-09 15:27:50'),(9,1,'alex.rodriguez@email.com','Alex Rodriguez','inv_ar_004_stu901vwx234','expired','2025-08-08 15:27:50',NULL,1,'2025-08-09 15:27:50','2025-08-09 15:27:50'),(10,1,'lisa.wang@email.com','Lisa Wang','inv_lw_005_yz567abc890d','pending','2025-08-16 15:27:50',NULL,2,'2025-08-09 15:27:50','2025-08-09 15:27:50'),(17,18,'john.doe@example.com',NULL,'6faaaceac83a57358a25bae4049c71192e28289cc4f86384eac522de9a5930ef','pending','2025-08-16 19:49:54',NULL,2,'2025-08-09 19:49:54','2025-08-09 19:49:54'),(18,13,'candidate@test.com',NULL,'f0bd07007b8911fafef8b39198b6f095b7fc57e07d7fd6e2f4e2cb47bfb4796b','pending','2025-08-17 15:20:20',NULL,2,'2025-08-10 15:20:19','2025-08-10 15:20:19'),(19,18,'candidate@test.com','Test Candidate','test-token-123','pending',NULL,NULL,1,'2025-08-10 21:38:49','2025-08-10 21:38:49'),(20,18,'sarah.johnson@email.com','Sarah Johnson','test-token-456','pending',NULL,NULL,1,'2025-08-10 21:38:49','2025-08-10 21:38:49');
/*!40000 ALTER TABLE `invitations` ENABLE KEYS */;
UNLOCK TABLES;

--
-- Table structure for table `questions`
--

DROP TABLE IF EXISTS `questions`;
/*!40101 SET @saved_cs_client     = @@character_set_client */;
/*!50503 SET character_set_client = utf8mb4 */;
CREATE TABLE `questions` (
  `id` int NOT NULL AUTO_INCREMENT,
  `assessment_id` int NOT NULL,
  `title` varchar(255) NOT NULL,
  `description` text NOT NULL,
  `language` enum('javascript','python','java','sql') NOT NULL,
  `template_code` text,
  `test_cases` json NOT NULL,
  `max_score` decimal(5,2) DEFAULT '100.00',
  `time_limit` int DEFAULT '300',
  `order_index` int DEFAULT '0',
  `created_at` timestamp NULL DEFAULT CURRENT_TIMESTAMP,
  `updated_at` timestamp NULL DEFAULT CURRENT_TIMESTAMP ON UPDATE CURRENT_TIMESTAMP,
  `difficulty` enum('beginner','intermediate','advanced','expert') DEFAULT 'beginner',
  `points` int DEFAULT '100' COMMENT 'Points attribu??s',
  PRIMARY KEY (`id`),
  KEY `idx_questions_assessment` (`assessment_id`),
  KEY `idx_questions_difficulty` (`difficulty`),
  CONSTRAINT `questions_ibfk_1` FOREIGN KEY (`assessment_id`) REFERENCES `assessments` (`id`) ON DELETE CASCADE
) ENGINE=InnoDB AUTO_INCREMENT=214 DEFAULT CHARSET=utf8mb4 COLLATE=utf8mb4_0900_ai_ci;
/*!40101 SET character_set_client = @saved_cs_client */;

--
-- Dumping data for table `questions`
--

LOCK TABLES `questions` WRITE;
/*!40000 ALTER TABLE `questions` DISABLE KEYS */;
INSERT INTO `questions` VALUES (122,1,'Array Operations Manager','**Objective**\nManage an array of numbers through commands.\n\n**Commands:**\n- ADD value - Add to array\n- REMOVE value - Remove first occurrence\n- SUM - Print sum\n- MAX - Print maximum\n- MIN - Print minimum\n- SORT - Sort ascending\n- PRINT - Print all elements\n- EXIT\n\n**Example:**\nInput:\n```\nADD 5\nADD 3\nADD 8\nPRINT\nSUM\nMAX\nEXIT\n```\nOutput:\n```\n5 3 8\n16\n8\n```','javascript',NULL,'[{\"input\": \"ADD 5\\nADD 3\\nADD 8\\nPRINT\\nSUM\\nMAX\\nEXIT\", \"output\": \"5 3 8\\n16\\n8\"}]',100.00,600,1,'2025-08-10 22:23:46','2025-08-10 22:23:46','beginner',100),(123,1,'String Manipulation','**Objective**\nProcess strings with operations.\n\n**Commands:**\n- CONCAT str1 str2 - Join strings\n- SUBSTRING str start end - Extract part\n- REPLACE str old new - Replace all\n- PALINDROME str - Check palindrome (YES/NO)\n- COUNT str char - Count character\n- EXIT\n\n**Example:**\nInput:\n```\nCONCAT hello world\nPALINDROME racecar\nCOUNT mississippi s\nEXIT\n```\nOutput:\n```\nhelloworld\nYES\n4\n```','javascript',NULL,'[{\"input\": \"CONCAT hello world\\nPALINDROME racecar\\nCOUNT mississippi s\\nEXIT\", \"output\": \"helloworld\\nYES\\n4\"}]',100.00,600,2,'2025-08-10 22:23:46','2025-08-10 22:23:46','beginner',100),(124,1,'Object Data Store','**Objective**\nKey-value store with nested objects.\n\n**Commands:**\n- SET key value - Store value\n- GET key - Retrieve value\n- SET key.subkey value - Nested value\n- DELETE key - Remove key\n- EXISTS key - Check exists (YES/NO)\n- KEYS - List all keys\n- EXIT\n\n**Example:**\nInput:\n```\nSET user.name John\nSET user.age 25\nGET user.name\nEXISTS user.email\nKEYS\nEXIT\n```\nOutput:\n```\nJohn\nNO\nuser.name user.age\n```','javascript',NULL,'[{\"input\": \"SET user.name John\\nSET user.age 25\\nGET user.name\\nEXISTS user.email\\nKEYS\\nEXIT\", \"output\": \"John\\nNO\\nuser.name user.age\"}]',100.00,600,3,'2025-08-10 22:23:46','2025-08-10 22:23:46','intermediate',100),(125,2,'Shopping Cart Component','**Objective**\nBuild React shopping cart.\n\n**Requirements:**\n- Add/remove items\n- Update quantities\n- Calculate total\n- Apply discounts\n- Persist in localStorage\n\n**Methods:**\naddItem(item)\nremoveItem(id)\nupdateQuantity(id, qty)\ngetTotal()\napplyDiscount(percent)','javascript',NULL,'[]',100.00,900,1,'2025-08-10 22:23:46','2025-08-10 22:23:46','intermediate',100),(126,2,'Form Wizard Component','**Objective**\nMulti-step form with validation.\n\n**Steps:**\n1. Personal Info\n2. Address\n3. Payment\n4. Review\n\n**Features:**\n- Progress indicator\n- Next/Previous navigation\n- Validation per step\n- Save draft\n- Submit all data','javascript',NULL,'[]',100.00,900,2,'2025-08-10 22:23:46','2025-08-10 22:23:46','intermediate',100),(127,2,'Real-time Search','**Objective**\nAutocomplete search component.\n\n**Features:**\n- Debounced API calls (300ms)\n- Highlight matches\n- Keyboard navigation\n- Recent searches\n- Loading states\n- Clear button','javascript',NULL,'[]',100.00,900,3,'2025-08-10 22:23:46','2025-08-10 22:23:46','advanced',100),(128,3,'Student Grade Manager','**Objective**\nManage student grades.\n\n**Commands:**\n- ADD name grade - Add student (0-100)\n- UPDATE name grade - Update grade\n- DELETE name - Remove student\n- AVERAGE - Class average\n- TOP n - Top n students\n- GRADE name - Letter grade (A/B/C/D/F)\n- EXIT\n\n**Grading:**\n90-100: A, 80-89: B, 70-79: C, 60-69: D, <60: F\n\n**Example:**\nInput:\n```\nADD Alice 92\nADD Bob 78\nAVERAGE\nTOP 1\nEXIT\n```\nOutput:\n```\n85.00\nAlice 92\n```','python',NULL,'[{\"input\": \"ADD Alice 92\\nADD Bob 78\\nAVERAGE\\nTOP 1\\nEXIT\", \"output\": \"85.00\\nAlice 92\"}]',100.00,600,1,'2025-08-10 22:23:46','2025-08-10 22:23:46','beginner',100),(129,3,'Matrix Operations','**Objective**\n2D matrix operations.\n\n**Commands:**\n- CREATE name rows cols - Create matrix\n- SET name row col value - Set element\n- ADD m1 m2 - Add matrices\n- TRANSPOSE name - Transpose\n- PRINT name - Display\n- EXIT\n\n**Example:**\nInput:\n```\nCREATE A 2 2\nSET A 0 0 1\nSET A 0 1 2\nSET A 1 0 3\nSET A 1 1 4\nTRANSPOSE A\nEXIT\n```\nOutput:\n```\n1 3\n2 4\n```','python',NULL,'[{\"input\": \"CREATE A 2 2\\nSET A 0 0 1\\nSET A 0 1 2\\nSET A 1 0 3\\nSET A 1 1 4\\nTRANSPOSE A\\nEXIT\", \"output\": \"1 3\\n2 4\"}]',100.00,900,2,'2025-08-10 22:23:46','2025-08-10 22:23:46','intermediate',100),(130,3,'Text Analysis','**Objective**\nAnalyze text documents.\n\n**Commands:**\n- LOAD text - Load text\n- WORDS - Count words\n- UNIQUE - Unique words\n- FREQUENCY word - Word frequency\n- COMMON n - Top n words\n- SENTENCES - Count sentences\n- EXIT\n\n**Example:**\nInput:\n```\nLOAD The quick brown fox jumps over the lazy dog\nWORDS\nUNIQUE\nEXIT\n```\nOutput:\n```\n9\n9\n```','python',NULL,'[{\"input\": \"LOAD The quick brown fox jumps over the lazy dog\\nWORDS\\nUNIQUE\\nEXIT\", \"output\": \"9\\n9\"}]',100.00,900,3,'2025-08-10 22:23:46','2025-08-10 22:23:46','intermediate',100),(131,4,'Bank Account System','**Objective**\nManage bank accounts.\n\n**Commands:**\n- CREATE id name balance - Create account\n- DEPOSIT id amount - Add money\n- WITHDRAW id amount - Remove money\n- TRANSFER from to amount - Transfer\n- BALANCE id - Show balance\n- EXIT\n\n**Rules:**\n- No overdraft allowed\n- Log all transactions\n\n**Example:**\nInput:\n```\nCREATE 1 John 1000\nDEPOSIT 1 500\nBALANCE 1\nEXIT\n```\nOutput:\n```\nAccount created: 1\nDeposited 500\nBalance: 1500\n```','java',NULL,'[{\"input\": \"CREATE 1 John 1000\\nDEPOSIT 1 500\\nBALANCE 1\\nEXIT\", \"output\": \"Account created: 1\\nDeposited 500\\nBalance: 1500\"}]',100.00,900,1,'2025-08-10 22:23:46','2025-08-10 22:23:46','intermediate',100),(132,4,'Library Management','**Objective**\nLibrary book lending system.\n\n**Commands:**\n- ADDBOOK isbn title author - Add book\n- ADDMEMBER id name - Add member\n- BORROW member_id isbn - Borrow book\n- RETURN member_id isbn - Return book\n- AVAILABLE - List available books\n- EXIT\n\n**Rules:**\n- Max 3 books per member\n- 14 day loan period\n\n**Example:**\nInput:\n```\nADDBOOK 123 Java_Programming Smith\nADDMEMBER 1 Alice\nBORROW 1 123\nAVAILABLE\nEXIT\n```\nOutput:\n```\nBook added\nMember added\nBook borrowed\nNo books available\n```','java',NULL,'[{\"input\": \"ADDBOOK 123 Java_Programming Smith\\nADDMEMBER 1 Alice\\nBORROW 1 123\\nAVAILABLE\\nEXIT\", \"output\": \"Book added\\nMember added\\nBook borrowed\\nNo books available\"}]',100.00,900,2,'2025-08-10 22:23:46','2025-08-10 22:23:46','intermediate',100),(133,4,'Thread Pool Manager','**Objective**\nThread pool for tasks.\n\n**Commands:**\n- POOL size - Create pool\n- SUBMIT task_id priority - Submit task\n- STATUS - Pool status\n- COMPLETE task_id - Mark complete\n- CANCEL task_id - Cancel task\n- EXIT\n\n**Output:**\nPool status and task execution.','java',NULL,'[]',100.00,1200,3,'2025-08-10 22:23:46','2025-08-10 22:23:46','advanced',100),(134,5,'E-Commerce Analytics','**Objective**\nSales analysis queries.\n\n**Tables:**\norders (id, customer_id, date, total)\norder_items (order_id, product_id, quantity, price)\nproducts (id, name, category)\ncustomers (id, name, country)\n\n**Queries:**\n1. Monthly revenue\n2. Top 10 customers\n3. Product profit margins\n4. Category performance\n\n**Output:**\nQuery results with aggregations.','sql',NULL,'[]',100.00,900,1,'2025-08-10 22:23:46','2025-08-10 22:23:46','intermediate',100),(135,5,'Social Network Analysis','**Objective**\nAnalyze social data.\n\n**Tables:**\nusers (id, username, created_at)\nfriendships (user_id, friend_id)\nposts (id, user_id, content, created_at)\nlikes (post_id, user_id)\n\n**Queries:**\n1. Most mutual friends\n2. Viral posts (>1000 likes)\n3. Engagement by hour\n4. Inactive users (30 days)\n\n**Output:**\nAnalytics results.','sql',NULL,'[]',100.00,900,2,'2025-08-10 22:23:46','2025-08-10 22:23:46','advanced',100),(136,5,'Query Optimization','**Objective**\nOptimize slow query.\n\n**Given:**\n```sql\nSELECT c.name, COUNT(o.id), SUM(o.total)\nFROM customers c\nLEFT JOIN orders o ON c.id = o.customer_id\nWHERE o.date > DATE_SUB(NOW(), INTERVAL 1 YEAR)\nGROUP BY c.id\nHAVING COUNT(o.id) > 5\nORDER BY SUM(o.total) DESC\n```\n\n**Tasks:**\n1. Identify bottlenecks\n2. Add indexes\n3. Rewrite for performance','sql',NULL,'[]',100.00,900,3,'2025-08-10 22:23:46','2025-08-10 22:23:46','advanced',100),(137,6,'REST API with Auth','**Objective**\nBuild authenticated API.\n\n**Endpoints:**\nPOST /auth/register\nPOST /auth/login\nGET /users/profile\nPUT /users/profile\nDELETE /users/account\n\n**Requirements:**\n- JWT authentication\n- Password hashing\n- Rate limiting\n- Input validation','javascript',NULL,'[]',100.00,1200,1,'2025-08-10 22:23:46','2025-08-10 22:23:46','intermediate',100),(138,6,'WebSocket Chat','**Objective**\nReal-time chat server.\n\n**Features:**\n- Multiple rooms\n- Private messages\n- Typing indicators\n- User presence\n- Message history\n\n**Events:**\njoin_room, leave_room, message, typing, private','javascript',NULL,'[]',100.00,1200,2,'2025-08-10 22:23:46','2025-08-10 22:23:46','advanced',100),(139,6,'Queue Worker System','**Objective**\nJob queue with workers.\n\n**Commands:**\n- QUEUE job_type data priority - Add job\n- WORKER count - Spawn workers\n- PROCESS - Process next job\n- RETRY job_id - Retry failed\n- STATUS - Queue stats\n- EXIT\n\n**Job Types:**\nEMAIL, IMAGE, REPORT','javascript',NULL,'[]',100.00,1200,3,'2025-08-10 22:23:46','2025-08-10 22:23:46','advanced',100),(140,7,'Data Table Component','**Objective**\nAdvanced data table.\n\n**Features:**\n- Sorting (multi-column)\n- Filtering (per column)\n- Pagination\n- Row selection\n- Column resize\n- Export CSV/PDF\n- Virtual scrolling','javascript',NULL,'[]',100.00,1200,1,'2025-08-10 22:23:46','2025-08-10 22:23:46','intermediate',100),(141,7,'Form Builder','**Objective**\nDynamic form from JSON.\n\n**Schema:**\n```json\n{\n  \"fields\": [\n    {\n      \"type\": \"text\",\n      \"name\": \"fieldName\",\n      \"validators\": [\"required\", \"email\"]\n    }\n  ]\n}\n```\n\n**Features:**\n- Conditional fields\n- Custom validators\n- Error messages','javascript',NULL,'[]',100.00,1200,2,'2025-08-10 22:23:46','2025-08-10 22:23:46','advanced',100),(142,7,'State Management','**Objective**\nNgRx store implementation.\n\n**Store:**\n- Auth state\n- Product state\n- Cart state\n- UI state\n\n**Requirements:**\n- Actions, reducers, effects\n- Selectors\n- Entity adapters','javascript',NULL,'[]',100.00,1200,3,'2025-08-10 22:23:46','2025-08-10 22:23:46','advanced',100),(143,8,'LRU Cache','**Objective**\nLeast Recently Used cache.\n\n**Operations:**\n- PUT key value - Add/update\n- GET key - Retrieve\n- SIZE - Current size\n- CLEAR - Empty cache\n- EXIT\n\n**Constraints:**\nO(1) operations, capacity limit\n\n**Example (capacity=3):**\nInput:\n```\nPUT a 1\nPUT b 2\nPUT c 3\nPUT d 4\nGET b\nGET a\nEXIT\n```\nOutput:\n```\n2\n-1\n```','javascript',NULL,'[{\"input\": \"PUT a 1\\nPUT b 2\\nPUT c 3\\nPUT d 4\\nGET b\\nGET a\\nEXIT\", \"output\": \"2\\n-1\"}]',100.00,900,1,'2025-08-10 22:23:46','2025-08-10 22:23:46','advanced',100),(144,8,'Graph Operations','**Objective**\nGraph with algorithms.\n\n**Commands:**\n- VERTEX v - Add vertex\n- EDGE v1 v2 weight - Add edge\n- SHORTEST v1 v2 - Shortest path\n- DFS start - Depth-first\n- BFS start - Breadth-first\n- EXIT\n\n**Example:**\nInput:\n```\nVERTEX A\nVERTEX B\nEDGE A B 5\nSHORTEST A B\nEXIT\n```\nOutput:\n```\nPath: A -> B\nDistance: 5\n```','javascript',NULL,'[{\"input\": \"VERTEX A\\nVERTEX B\\nEDGE A B 5\\nSHORTEST A B\\nEXIT\", \"output\": \"Path: A -> B\\nDistance: 5\"}]',100.00,1200,2,'2025-08-10 22:23:46','2025-08-10 22:23:46','advanced',100),(145,8,'Trie Autocomplete','**Objective**\nTrie for autocomplete.\n\n**Commands:**\n- INSERT word - Add word\n- SEARCH prefix - Find words with prefix\n- DELETE word - Remove word\n- COUNT prefix - Count matches\n- EXIT\n\n**Example:**\nInput:\n```\nINSERT apple\nINSERT application\nSEARCH app\nCOUNT app\nEXIT\n```\nOutput:\n```\napple application\n2\n```','javascript',NULL,'[{\"input\": \"INSERT apple\\nINSERT application\\nSEARCH app\\nCOUNT app\\nEXIT\", \"output\": \"apple application\\n2\"}]',100.00,900,3,'2025-08-10 22:23:46','2025-08-10 22:23:46','intermediate',100),(146,9,'Meeting Scheduler','**Objective**\nFind available meeting slots.\n\n**Input:**\n- Person A schedule\n- Person B schedule\n- Meeting duration\n- Working hours\n\n**Output:**\nAll possible meeting slots.\n\n**Example:**\nInput:\n```\n2\n9 10\n12 13\n2\n10 11\n14 15\n30\n9 18\n```\nOutput:\n```\n[11,11.5] [13,13.5] [15,15.5]\n```','javascript',NULL,'[{\"input\": \"2\\n9 10\\n12 13\\n2\\n10 11\\n14 15\\n30\\n9 18\", \"output\": \"[11,11.5] [13,13.5] [15,15.5]\"}]',100.00,900,1,'2025-08-10 22:23:46','2025-08-10 22:23:46','intermediate',100),(147,9,'Island Counter','**Objective**\nCount islands in grid.\n\n**Input:**\n- Grid (1=land, 0=water)\n\n**Output:**\n- Number of islands\n- Largest island size\n\n**Example:**\nInput:\n```\n4 5\n1 1 0 0 0\n1 1 0 0 0\n0 0 1 0 0\n0 0 0 1 1\n```\nOutput:\n```\nIslands: 3\nLargest: 4 cells\n```','javascript',NULL,'[{\"input\": \"4 5\\n1 1 0 0 0\\n1 1 0 0 0\\n0 0 1 0 0\\n0 0 0 1 1\", \"output\": \"Islands: 3\\nLargest: 4 cells\"}]',100.00,900,2,'2025-08-10 22:23:46','2025-08-10 22:23:46','intermediate',100),(148,9,'Task Scheduler','**Objective**\nSchedule tasks with cooldown.\n\n**Input:**\n- Tasks array\n- Cooldown period\n\n**Output:**\n- Optimal schedule\n- Total time\n\n**Example:**\nInput:\n```\n6\nA A A B B B\n2\n```\nOutput:\n```\nSchedule: A B _ A B _ A B\nTime: 8\n```','javascript',NULL,'[{\"input\": \"6\\nA A A B B B\\n2\", \"output\": \"Schedule: A B _ A B _ A B\\nTime: 8\"}]',100.00,1200,3,'2025-08-10 22:23:46','2025-08-10 22:23:46','advanced',100),(149,10,'Docker Health Monitor','**Objective**\nMonitor container health.\n\n**Commands:**\n- MONITOR container - Start monitoring\n- THRESHOLD cpu memory - Set limits\n- CHECK - Current status\n- RESTART container - Restart if unhealthy\n- REPORT - Generate report\n- EXIT\n\n**Output:**\nHealth status and metrics.','javascript',NULL,'[]',100.00,900,1,'2025-08-10 22:23:46','2025-08-10 22:23:46','intermediate',100),(150,10,'CI/CD Pipeline','**Objective**\nBuild deployment pipeline.\n\n**Stages:**\n1. Checkout code\n2. Install dependencies\n3. Run tests\n4. Build application\n5. Deploy to staging\n6. Run E2E tests\n7. Deploy to production\n\n**Requirements:**\n- Parallel execution\n- Rollback on failure','javascript',NULL,'[]',100.00,1200,2,'2025-08-10 22:23:46','2025-08-10 22:23:46','intermediate',100),(151,10,'Log Aggregator','**Objective**\nAggregate service logs.\n\n**Commands:**\n- SOURCE service file - Add log source\n- FILTER level pattern - Filter logs\n- SEARCH term - Search logs\n- STATS timeframe - Statistics\n- EXPORT format - Export logs\n- EXIT\n\n**Output:**\nLog analysis results.','javascript',NULL,'[]',100.00,1200,3,'2025-08-10 22:23:46','2025-08-10 22:23:46','advanced',100),(152,11,'Auto-Scaling Manager','**Objective**\nAuto-scaling logic implementation.\n\n**Commands:**\n- METRICS cpu memory requests - Current metrics\n- SCALE UP threshold duration - Scale up rule\n- SCALE DOWN threshold duration - Scale down rule\n- PREDICT timeframe - Predict scaling\n- COST - Calculate cost\n- EXIT\n\n**Output:**\nScaling decisions with reasoning.','javascript',NULL,'[]',100.00,1200,1,'2025-08-10 22:23:54','2025-08-10 22:23:54','advanced',100),(153,11,'S3 Bucket Manager','**Objective**\nManage S3 buckets.\n\n**Commands:**\n- CREATE bucket region - Create bucket\n- UPLOAD bucket key file - Upload file\n- LIST bucket prefix - List objects\n- DELETE bucket key - Delete object\n- LIFECYCLE bucket rules - Set lifecycle\n- EXIT\n\n**Example:**\nInput:\n```\nCREATE my-bucket us-east-1\nUPLOAD my-bucket data.json /tmp/data.json\nLIST my-bucket /\nEXIT\n```\nOutput:\n```\nBucket created\nUploaded: data.json (2.5KB)\nObjects: data.json\n```','javascript',NULL,'[{\"input\": \"CREATE my-bucket us-east-1\\nUPLOAD my-bucket data.json /tmp/data.json\\nLIST my-bucket /\\nEXIT\", \"output\": \"Bucket created\\nUploaded: data.json (2.5KB)\\nObjects: data.json\"}]',100.00,900,2,'2025-08-10 22:23:54','2025-08-10 22:23:54','intermediate',100),(154,11,'Lambda Function Manager','**Objective**\nDeploy Lambda functions.\n\n**Commands:**\n- DEPLOY name runtime code - Deploy function\n- INVOKE name payload - Execute function\n- LOGS name - View logs\n- METRICS name - Performance metrics\n- VERSION name - Create version\n- EXIT\n\n**Output:**\nDeployment and execution results.','javascript',NULL,'[]',100.00,1200,3,'2025-08-10 22:23:54','2025-08-10 22:23:54','advanced',100),(155,12,'Linear Regression','**Objective**\nImplement linear regression.\n\n**Input:**\n- Training data: (x,y) pairs\n- Test data: x values\n\n**Tasks:**\n1. Train with gradient descent\n2. Calculate MSE\n3. Predict test values\n\n**Example:**\nInput:\n```\n5\n1 2\n2 4\n3 5\n4 8\n5 10\n3\n6 7 8\n```\nOutput:\n```\nModel: y = 1.9x + 0.1\nMSE: 0.5\nPredictions: 11.5, 13.4, 15.3\n```','python',NULL,'[{\"input\": \"5\\n1 2\\n2 4\\n3 5\\n4 8\\n5 10\\n3\\n6 7 8\", \"output\": \"Model: y = 1.9x + 0.1\\nMSE: 0.5\\nPredictions: 11.5, 13.4, 15.3\"}]',100.00,1200,1,'2025-08-10 22:23:54','2025-08-10 22:23:54','intermediate',100),(156,12,'K-Means Clustering','**Objective**\nCluster data points.\n\n**Input:**\n- Points and clusters count\n- Coordinates\n- Max iterations\n\n**Output:**\n- Cluster assignments\n- Final centroids\n- Inertia score\n\n**Example:**\nInput:\n```\n6 2\n1 1\n1 2\n5 5\n6 5\n6 6\n2 1\n100\n```\nOutput:\n```\nPoint 1 -> Cluster 1\nPoint 2 -> Cluster 1\nPoint 3 -> Cluster 2\nPoint 4 -> Cluster 2\nPoint 5 -> Cluster 2\nPoint 6 -> Cluster 1\n```','python',NULL,'[{\"input\": \"6 2\\n1 1\\n1 2\\n5 5\\n6 5\\n6 6\\n2 1\\n100\", \"output\": \"Point 1 -> Cluster 1\\nPoint 2 -> Cluster 1\\nPoint 3 -> Cluster 2\\nPoint 4 -> Cluster 2\\nPoint 5 -> Cluster 2\\nPoint 6 -> Cluster 1\"}]',100.00,1200,2,'2025-08-10 22:23:54','2025-08-10 22:23:54','advanced',100),(157,12,'Decision Tree','**Objective**\nBuild decision tree classifier.\n\n**Input:**\n- Training data with features\n- Test samples\n\n**Tasks:**\n1. Build tree using entropy\n2. Prune to avoid overfitting\n3. Predict test samples\n4. Calculate accuracy\n\n**Output:**\nTree structure and predictions.','python',NULL,'[]',100.00,1500,3,'2025-08-10 22:23:54','2025-08-10 22:23:54','advanced',100),(158,13,'Password Security','**Objective**\nValidate password strength.\n\n**Scoring:**\n- Length 8+: +10 points\n- Uppercase: +10 points\n- Lowercase: +10 points\n- Numbers: +10 points\n- Special chars: +20 points\n- No patterns: +10 points\n\n**Input:**\nList of passwords\n\n**Output:**\nScore and recommendations\n\n**Example:**\nInput:\n```\n3\npassword123\nMyP@ssw0rd!\nTr0ub4dor&3\n```\nOutput:\n```\npassword123: 30/100 - Weak\nMyP@ssw0rd!: 80/100 - Strong\nTr0ub4dor&3: 90/100 - Very Strong\n```','python',NULL,'[{\"input\": \"3\\npassword123\\nMyP@ssw0rd!\\nTr0ub4dor&3\", \"output\": \"password123: 30/100 - Weak\\nMyP@ssw0rd!: 80/100 - Strong\\nTr0ub4dor&3: 90/100 - Very Strong\"}]',100.00,600,1,'2025-08-10 22:23:54','2025-08-10 22:23:54','intermediate',100),(159,13,'Encryption Tool','**Objective**\nImplement encryption/decryption.\n\n**Commands:**\n- ENCRYPT method text key - Encrypt text\n- DECRYPT method text key - Decrypt text\n- HASH algorithm text - Hash text\n- VERIFY hash text - Verify hash\n- EXIT\n\n**Methods:**\n- CAESAR, VIGENERE, AES\n\n**Example:**\nInput:\n```\nENCRYPT CAESAR hello 3\nDECRYPT CAESAR khoor 3\nEXIT\n```\nOutput:\n```\nkhoor\nhello\n```','python',NULL,'[{\"input\": \"ENCRYPT CAESAR hello 3\\nDECRYPT CAESAR khoor 3\\nEXIT\", \"output\": \"khoor\\nhello\"}]',100.00,900,2,'2025-08-10 22:23:54','2025-08-10 22:23:54','intermediate',100),(160,13,'Security Scanner','**Objective**\nScan for vulnerabilities.\n\n**Commands:**\n- SCAN type target - Scan target\n- CHECK pattern text - Check for pattern\n- VALIDATE input type - Validate input\n- REPORT - Generate report\n- EXIT\n\n**Scan Types:**\n- SQL injection\n- XSS attacks\n- Path traversal\n\n**Output:**\nVulnerability findings.','python',NULL,'[]',100.00,1200,3,'2025-08-10 22:23:54','2025-08-10 22:23:54','advanced',100),(161,14,'Offline Data Sync','**Objective**\nImplement offline synchronization.\n\n**Commands:**\n- QUEUE operation data - Queue offline operation\n- SYNC - Sync with server\n- CONFLICT strategy - Set conflict resolution\n- STATUS - Sync status\n- RETRY failed_id - Retry operation\n- EXIT\n\n**Strategies:**\n- LAST_WRITE_WINS\n- MERGE\n- ASK_USER\n\n**Output:**\nSync log with results.','javascript',NULL,'[]',100.00,900,1,'2025-08-10 22:23:55','2025-08-10 22:23:55','advanced',100),(162,14,'Push Notification Manager','**Objective**\nHandle push notifications.\n\n**Commands:**\n- REGISTER token - Register device\n- SEND user_id message - Send notification\n- SCHEDULE time message - Schedule notification\n- TOPICS user_id topics - Subscribe to topics\n- STATS - Notification statistics\n- EXIT\n\n**Output:**\nNotification delivery status.','javascript',NULL,'[]',100.00,900,2,'2025-08-10 22:23:55','2025-08-10 22:23:55','intermediate',100),(163,14,'Mobile Cache Manager','**Objective**\nManage app cache.\n\n**Commands:**\n- CACHE key value ttl - Cache data\n- GET key - Retrieve from cache\n- INVALIDATE pattern - Invalidate matching keys\n- SIZE - Cache size\n- CLEAR - Clear all cache\n- EXIT\n\n**Features:**\n- TTL support\n- LRU eviction\n- Size limits\n\n**Output:**\nCache operations results.','javascript',NULL,'[]',100.00,900,3,'2025-08-10 22:23:55','2025-08-10 22:23:55','intermediate',100),(164,15,'Load Balancer','**Objective**\nImplement load balancer.\n\n**Input:**\n- Server list with weights\n- Number of requests\n\n**Features:**\n- Weighted distribution\n- Health checks\n- Failover handling\n\n**Example:**\nInput:\n```\n3\nserver1 2\nserver2 1\nserver3 3\n6\n```\nOutput:\n```\nRequest 1 -> server1\nRequest 2 -> server3\nRequest 3 -> server1\nRequest 4 -> server3\nRequest 5 -> server3\nRequest 6 -> server2\n```','javascript',NULL,'[{\"input\": \"3\\nserver1 2\\nserver2 1\\nserver3 3\\n6\", \"output\": \"Request 1 -> server1\\nRequest 2 -> server3\\nRequest 3 -> server1\\nRequest 4 -> server3\\nRequest 5 -> server3\\nRequest 6 -> server2\"}]',100.00,900,1,'2025-08-10 22:23:55','2025-08-10 22:23:55','advanced',100),(165,15,'Rate Limiter','**Objective**\nImplement rate limiting.\n\n**Commands:**\n- LIMIT resource requests window - Set limit\n- REQUEST user resource - Make request\n- STATUS user resource - Check status\n- RESET user resource - Reset counter\n- BLACKLIST user duration - Block user\n- EXIT\n\n**Output:**\nALLOWED or DENIED with reason.','javascript',NULL,'[]',100.00,900,2,'2025-08-10 22:23:55','2025-08-10 22:23:55','intermediate',100),(166,15,'Distributed Cache','**Objective**\nDesign distributed cache.\n\n**Commands:**\n- NODE add name capacity - Add cache node\n- PUT key value - Store in cache\n- GET key - Retrieve value\n- REBALANCE - Rebalance data\n- REPLICATE factor - Set replication\n- EXIT\n\n**Features:**\n- Consistent hashing\n- Replication\n- Auto-rebalancing\n\n**Output:**\nCache operations and node distribution.','javascript',NULL,'[]',100.00,1200,3,'2025-08-10 22:23:55','2025-08-10 22:23:55','expert',100),(167,16,'Query Optimizer','**Objective**\nOptimize database queries.\n\n**Given Query:**\n```sql\nSELECT * FROM orders o\nJOIN customers c ON o.customer_id = c.id\nWHERE o.date > \"2024-01-01\"\nAND c.country = \"USA\"\nORDER BY o.total DESC\n```\n\n**Tasks:**\n1. Identify issues\n2. Suggest indexes\n3. Rewrite query\n4. Explain plan\n\n**Output:**\nOptimized query with explanations.','sql',NULL,'[]',100.00,900,1,'2025-08-10 22:23:55','2025-08-10 22:23:55','advanced',100),(168,16,'Schema Migration','**Objective**\nDatabase migration tool.\n\n**Commands:**\n- CREATE migration_name - Create migration\n- UP version - Apply migrations\n- DOWN version - Rollback to version\n- STATUS - Current version\n- VALIDATE - Check integrity\n- EXIT\n\n**Example:**\nInput:\n```\nCREATE add_users_table\nUP 1\nSTATUS\nEXIT\n```\nOutput:\n```\nMigration created: add_users_table\nApplied: add_users_table\nCurrent version: 1\n```','sql',NULL,'[{\"input\": \"CREATE add_users_table\\nUP 1\\nSTATUS\\nEXIT\", \"output\": \"Migration created: add_users_table\\nApplied: add_users_table\\nCurrent version: 1\"}]',100.00,900,2,'2025-08-10 22:23:55','2025-08-10 22:23:55','intermediate',100),(169,16,'Index Analyzer','**Objective**\nAnalyze and suggest indexes.\n\n**Commands:**\n- ANALYZE table - Analyze table\n- SUGGEST query - Suggest indexes for query\n- CREATE INDEX name ON table(columns) - Create index\n- DROP INDEX name - Drop index\n- STATS - Index statistics\n- EXIT\n\n**Output:**\nIndex recommendations and performance impact.','sql',NULL,'[]',100.00,1200,3,'2025-08-10 22:23:55','2025-08-10 22:23:55','advanced',100),(170,17,'GraphQL Resolver','**Objective**\nCreate GraphQL API.\n\n**Schema:**\n```graphql\ntype Post {\n  id: ID!\n  title: String!\n  author: User!\n  comments: [Comment!]!\n}\n```\n\n**Implement:**\n- Query posts with pagination\n- Filter by author\n- Sort by date\n- N+1 optimization\n\n**Output:**\nResolver implementation.','javascript',NULL,'[]',100.00,900,1,'2025-08-10 22:23:55','2025-08-10 22:23:55','advanced',100),(171,17,'API Gateway','**Objective**\nBuild API gateway.\n\n**Commands:**\n- ROUTE path service - Add route\n- MIDDLEWARE name config - Add middleware\n- REQUEST method path body - Make request\n- CACHE route duration - Cache responses\n- MONITOR - Show metrics\n- EXIT\n\n**Middleware:**\n- AUTH, RATE_LIMIT, CORS, LOGGING\n\n**Output:**\nRequest routing and processing.','javascript',NULL,'[]',100.00,1200,2,'2025-08-10 22:23:55','2025-08-10 22:23:55','advanced',100),(172,17,'Webhook Manager','**Objective**\nManage webhooks.\n\n**Commands:**\n- REGISTER url events - Register webhook\n- TRIGGER event data - Trigger webhooks\n- RETRY webhook_id - Retry failed webhook\n- STATUS webhook_id - Check status\n- UNREGISTER webhook_id - Remove webhook\n- EXIT\n\n**Features:**\n- Retry logic\n- Signature verification\n- Event filtering\n\n**Output:**\nWebhook delivery status.','javascript',NULL,'[]',100.00,900,3,'2025-08-10 22:23:55','2025-08-10 22:23:55','intermediate',100),(173,18,'Order Processing System','**Objective**\nE-commerce order processing.\n\n**Commands:**\n- ORDER customer_id product_id quantity - Create order\n- CANCEL order_id - Cancel if not shipped\n- SHIP order_id - Mark as shipped\n- DELIVER order_id - Mark delivered\n- RETURN order_id reason - Process return\n- STATUS order_id - Check status\n- REPORT - Sales summary\n- EXIT\n\n**Business Rules:**\n- Check inventory\n- Cannot cancel shipped orders\n- Returns within 30 days\n\n**Example:**\nInput:\n```\nORDER 1 101 2\nSHIP 1\nSTATUS 1\nREPORT\nEXIT\n```\nOutput:\n```\nOrder 1 created\nOrder 1 shipped\nOrder 1: SHIPPED\nTotal Orders: 1, Revenue: $200\n```','java',NULL,'[{\"input\": \"ORDER 1 101 2\\nSHIP 1\\nSTATUS 1\\nREPORT\\nEXIT\", \"output\": \"Order 1 created\\nOrder 1 shipped\\nOrder 1: SHIPPED\\nTotal Orders: 1, Revenue: $200\"}]',100.00,1200,1,'2025-08-10 22:23:55','2025-08-10 22:23:55','advanced',100),(174,18,'Spring Boot Microservice','**Objective**\nBuild user microservice.\n\n**Endpoints:**\n- POST /users - Create user\n- GET /users/{id} - Get user\n- PUT /users/{id} - Update user\n- DELETE /users/{id} - Delete user\n- GET /users/search - Search users\n\n**Requirements:**\n- JPA repositories\n- Service layer\n- Exception handling\n- Validation\n- Unit tests','java',NULL,'[]',100.00,1500,2,'2025-08-10 22:23:55','2025-08-10 22:23:55','advanced',100),(175,18,'Event-Driven System','**Objective**\nImplement event processing.\n\n**Commands:**\n- PUBLISH topic event data - Publish event\n- SUBSCRIBE topic handler - Subscribe to topic\n- PROCESS - Process event queue\n- REPLAY from_time to_time - Replay events\n- STATUS - Queue status\n- EXIT\n\n**Topics:**\n- USER_CREATED\n- ORDER_PLACED\n- PAYMENT_PROCESSED\n\n**Output:**\nEvent processing log.','java',NULL,'[]',100.00,1500,3,'2025-08-10 22:23:55','2025-08-10 22:23:55','expert',100),(176,18,'Caching Strategy','**Objective**\nImplement caching layer.\n\n**Commands:**\n- CACHE_ASIDE key - Cache aside pattern\n- WRITE_THROUGH key value - Write through\n- WRITE_BEHIND key value - Write behind\n- REFRESH key - Refresh cache\n- EVICT pattern - Evict matching keys\n- STATS - Cache statistics\n- EXIT\n\n**Output:**\nCache operations and hit/miss ratio.','java',NULL,'[]',100.00,1200,4,'2025-08-10 22:23:55','2025-08-10 22:23:55','advanced',100),(177,19,'Test Suite Generator','**Objective**\nGenerate test cases.\n\n**Input:**\nComponent structure and props\n\n**Generate:**\n- Unit tests\n- Integration tests\n- Snapshot tests\n- Coverage report\n\n**Example Component:**\n```jsx\nfunction Calculator({ initial = 0 }) {\n  const [value, setValue] = useState(initial);\n  const add = (n) => setValue(value + n);\n  return <div>{value}</div>;\n}\n```\n\n**Output:**\nComplete Jest test suite.','javascript',NULL,'[]',100.00,900,1,'2025-08-10 22:23:55','2025-08-10 22:23:55','intermediate',100),(178,19,'E2E Test Automation','**Objective**\nCypress E2E tests.\n\n**Scenarios:**\n1. User registration\n2. Login flow\n3. Product purchase\n4. Password reset\n\n**Requirements:**\n- Page objects\n- Custom commands\n- API mocking\n- Visual regression\n\n**Output:**\nCypress test implementation.','javascript',NULL,'[]',100.00,1200,2,'2025-08-10 22:23:55','2025-08-10 22:23:55','advanced',100),(179,19,'Performance Testing','**Objective**\nPerformance test suite.\n\n**Commands:**\n- MEASURE component metric - Measure performance\n- PROFILE duration - Profile execution\n- MEMORY - Check memory leaks\n- BUNDLE - Analyze bundle size\n- LIGHTHOUSE - Run Lighthouse audit\n- EXIT\n\n**Metrics:**\n- Render time\n- Re-render count\n- Memory usage\n- Bundle size\n\n**Output:**\nPerformance report with recommendations.','javascript',NULL,'[]',100.00,1200,3,'2025-08-10 22:23:55','2025-08-10 22:23:55','advanced',100),(180,20,'Service Mesh Router','**Objective**\nService mesh routing.\n\n**Features:**\n- Route by path/headers\n- Circuit breaker\n- Retry with backoff\n- Load balancing\n- Request tracing\n\n**Input:**\nRequest details and service registry\n\n**Output:**\nRouting decisions with trace IDs\n\n**Example:**\nInput:\n```\nGET /api/users\nService: user-service (3 instances)\nHealth: instance-1 (healthy), instance-2 (slow), instance-3 (healthy)\n```\nOutput:\n```\nRoute to: instance-1\nTrace-ID: abc-123\nResponse-Time: 45ms\n```','javascript',NULL,'[{\"input\": \"GET /api/users\\nService: user-service\\nHealth: healthy slow healthy\", \"output\": \"Route to: instance-1\\nTrace-ID: abc-123\\nResponse-Time: 45ms\"}]',100.00,1200,1,'2025-08-10 22:23:55','2025-08-10 22:23:55','expert',100),(181,20,'Service Discovery','**Objective**\nService discovery system.\n\n**Commands:**\n- REGISTER service host port - Register service\n- DISCOVER service - Find service instances\n- HEALTH service instance status - Update health\n- DEREGISTER service instance - Remove instance\n- WATCH service - Watch for changes\n- EXIT\n\n**Output:**\nService registry status.','javascript',NULL,'[]',100.00,1200,2,'2025-08-10 22:23:55','2025-08-10 22:23:55','advanced',100),(182,20,'Saga Orchestrator','**Objective**\nDistributed transaction saga.\n\n**Commands:**\n- START saga_type data - Start saga\n- STEP saga_id step_name status - Update step\n- COMPENSATE saga_id - Rollback saga\n- STATUS saga_id - Check saga status\n- RETRY saga_id step - Retry failed step\n- EXIT\n\n**Saga Types:**\n- ORDER_FULFILLMENT\n- USER_REGISTRATION\n- PAYMENT_PROCESSING\n\n**Output:**\nSaga execution log with compensation.','javascript',NULL,'[]',100.00,1500,3,'2025-08-10 22:23:55','2025-08-10 22:23:55','expert',100),(183,11,'Auto-Scaling Manager','**Objective**\nAuto-scaling logic implementation.\n\n**Commands:**\n- METRICS cpu memory requests - Current metrics\n- SCALE UP threshold duration - Scale up rule\n- SCALE DOWN threshold duration - Scale down rule\n- PREDICT timeframe - Predict scaling\n- COST - Calculate cost\n- EXIT\n\n**Output:**\nScaling decisions with reasoning.','javascript',NULL,'[]',100.00,1200,1,'2025-08-10 22:25:33','2025-08-10 22:25:33','advanced',100),(184,11,'S3 Bucket Manager','**Objective**\nManage S3 buckets.\n\n**Commands:**\n- CREATE bucket region - Create bucket\n- UPLOAD bucket key file - Upload file\n- LIST bucket prefix - List objects\n- DELETE bucket key - Delete object\n- LIFECYCLE bucket rules - Set lifecycle\n- EXIT\n\n**Example:**\nInput:\n```\nCREATE my-bucket us-east-1\nUPLOAD my-bucket data.json /tmp/data.json\nLIST my-bucket /\nEXIT\n```\nOutput:\n```\nBucket created\nUploaded: data.json (2.5KB)\nObjects: data.json\n```','javascript',NULL,'[{\"input\": \"CREATE my-bucket us-east-1\\nUPLOAD my-bucket data.json /tmp/data.json\\nLIST my-bucket /\\nEXIT\", \"output\": \"Bucket created\\nUploaded: data.json (2.5KB)\\nObjects: data.json\"}]',100.00,900,2,'2025-08-10 22:25:33','2025-08-10 22:25:33','intermediate',100),(185,11,'Lambda Function Manager','**Objective**\nDeploy Lambda functions.\n\n**Commands:**\n- DEPLOY name runtime code - Deploy function\n- INVOKE name payload - Execute function\n- LOGS name - View logs\n- METRICS name - Performance metrics\n- VERSION name - Create version\n- EXIT\n\n**Output:**\nDeployment and execution results.','javascript',NULL,'[]',100.00,1200,3,'2025-08-10 22:25:33','2025-08-10 22:25:33','advanced',100),(186,12,'Linear Regression','**Objective**\nImplement linear regression.\n\n**Input:**\n- Training data: (x,y) pairs\n- Test data: x values\n\n**Tasks:**\n1. Train with gradient descent\n2. Calculate MSE\n3. Predict test values\n\n**Example:**\nInput:\n```\n5\n1 2\n2 4\n3 5\n4 8\n5 10\n3\n6 7 8\n```\nOutput:\n```\nModel: y = 1.9x + 0.1\nMSE: 0.5\nPredictions: 11.5, 13.4, 15.3\n```','python',NULL,'[{\"input\": \"5\\n1 2\\n2 4\\n3 5\\n4 8\\n5 10\\n3\\n6 7 8\", \"output\": \"Model: y = 1.9x + 0.1\\nMSE: 0.5\\nPredictions: 11.5, 13.4, 15.3\"}]',100.00,1200,1,'2025-08-10 22:25:33','2025-08-10 22:25:33','intermediate',100),(187,12,'K-Means Clustering','**Objective**\nCluster data points.\n\n**Input:**\n- Points and clusters count\n- Coordinates\n- Max iterations\n\n**Output:**\n- Cluster assignments\n- Final centroids\n- Inertia score\n\n**Example:**\nInput:\n```\n6 2\n1 1\n1 2\n5 5\n6 5\n6 6\n2 1\n100\n```\nOutput:\n```\nPoint 1 -> Cluster 1\nPoint 2 -> Cluster 1\nPoint 3 -> Cluster 2\nPoint 4 -> Cluster 2\nPoint 5 -> Cluster 2\nPoint 6 -> Cluster 1\n```','python',NULL,'[{\"input\": \"6 2\\n1 1\\n1 2\\n5 5\\n6 5\\n6 6\\n2 1\\n100\", \"output\": \"Point 1 -> Cluster 1\\nPoint 2 -> Cluster 1\\nPoint 3 -> Cluster 2\\nPoint 4 -> Cluster 2\\nPoint 5 -> Cluster 2\\nPoint 6 -> Cluster 1\"}]',100.00,1200,2,'2025-08-10 22:25:33','2025-08-10 22:25:33','advanced',100),(188,12,'Decision Tree','**Objective**\nBuild decision tree classifier.\n\n**Input:**\n- Training data with features\n- Test samples\n\n**Tasks:**\n1. Build tree using entropy\n2. Prune to avoid overfitting\n3. Predict test samples\n4. Calculate accuracy\n\n**Output:**\nTree structure and predictions.','python',NULL,'[]',100.00,1500,3,'2025-08-10 22:25:33','2025-08-10 22:25:33','advanced',100),(189,13,'Password Security','**Objective**\nValidate password strength.\n\n**Scoring:**\n- Length 8+: +10 points\n- Uppercase: +10 points\n- Lowercase: +10 points\n- Numbers: +10 points\n- Special chars: +20 points\n- No patterns: +10 points\n\n**Input:**\nList of passwords\n\n**Output:**\nScore and recommendations\n\n**Example:**\nInput:\n```\n3\npassword123\nMyP@ssw0rd!\nTr0ub4dor&3\n```\nOutput:\n```\npassword123: 30/100 - Weak\nMyP@ssw0rd!: 80/100 - Strong\nTr0ub4dor&3: 90/100 - Very Strong\n```','python',NULL,'[{\"input\": \"3\\npassword123\\nMyP@ssw0rd!\\nTr0ub4dor&3\", \"output\": \"password123: 30/100 - Weak\\nMyP@ssw0rd!: 80/100 - Strong\\nTr0ub4dor&3: 90/100 - Very Strong\"}]',100.00,600,1,'2025-08-10 22:25:33','2025-08-10 22:25:33','intermediate',100),(190,13,'Encryption Tool','**Objective**\nImplement encryption/decryption.\n\n**Commands:**\n- ENCRYPT method text key - Encrypt text\n- DECRYPT method text key - Decrypt text\n- HASH algorithm text - Hash text\n- VERIFY hash text - Verify hash\n- EXIT\n\n**Methods:**\n- CAESAR, VIGENERE, AES\n\n**Example:**\nInput:\n```\nENCRYPT CAESAR hello 3\nDECRYPT CAESAR khoor 3\nEXIT\n```\nOutput:\n```\nkhoor\nhello\n```','python',NULL,'[{\"input\": \"ENCRYPT CAESAR hello 3\\nDECRYPT CAESAR khoor 3\\nEXIT\", \"output\": \"khoor\\nhello\"}]',100.00,900,2,'2025-08-10 22:25:33','2025-08-10 22:25:33','intermediate',100),(191,13,'Security Scanner','**Objective**\nScan for vulnerabilities.\n\n**Commands:**\n- SCAN type target - Scan target\n- CHECK pattern text - Check for pattern\n- VALIDATE input type - Validate input\n- REPORT - Generate report\n- EXIT\n\n**Scan Types:**\n- SQL injection\n- XSS attacks\n- Path traversal\n\n**Output:**\nVulnerability findings.','python',NULL,'[]',100.00,1200,3,'2025-08-10 22:25:33','2025-08-10 22:25:33','advanced',100),(192,14,'Offline Data Sync','**Objective**\nImplement offline synchronization.\n\n**Commands:**\n- QUEUE operation data - Queue offline operation\n- SYNC - Sync with server\n- CONFLICT strategy - Set conflict resolution\n- STATUS - Sync status\n- RETRY failed_id - Retry operation\n- EXIT\n\n**Strategies:**\n- LAST_WRITE_WINS\n- MERGE\n- ASK_USER\n\n**Output:**\nSync log with results.','javascript',NULL,'[]',100.00,900,1,'2025-08-10 22:25:33','2025-08-10 22:25:33','advanced',100),(193,14,'Push Notification Manager','**Objective**\nHandle push notifications.\n\n**Commands:**\n- REGISTER token - Register device\n- SEND user_id message - Send notification\n- SCHEDULE time message - Schedule notification\n- TOPICS user_id topics - Subscribe to topics\n- STATS - Notification statistics\n- EXIT\n\n**Output:**\nNotification delivery status.','javascript',NULL,'[]',100.00,900,2,'2025-08-10 22:25:33','2025-08-10 22:25:33','intermediate',100),(194,14,'Mobile Cache Manager','**Objective**\nManage app cache.\n\n**Commands:**\n- CACHE key value ttl - Cache data\n- GET key - Retrieve from cache\n- INVALIDATE pattern - Invalidate matching keys\n- SIZE - Cache size\n- CLEAR - Clear all cache\n- EXIT\n\n**Features:**\n- TTL support\n- LRU eviction\n- Size limits\n\n**Output:**\nCache operations results.','javascript',NULL,'[]',100.00,900,3,'2025-08-10 22:25:33','2025-08-10 22:25:33','intermediate',100),(195,15,'Load Balancer','**Objective**\nImplement load balancer.\n\n**Input:**\n- Server list with weights\n- Number of requests\n\n**Features:**\n- Weighted distribution\n- Health checks\n- Failover handling\n\n**Example:**\nInput:\n```\n3\nserver1 2\nserver2 1\nserver3 3\n6\n```\nOutput:\n```\nRequest 1 -> server1\nRequest 2 -> server3\nRequest 3 -> server1\nRequest 4 -> server3\nRequest 5 -> server3\nRequest 6 -> server2\n```','javascript',NULL,'[{\"input\": \"3\\nserver1 2\\nserver2 1\\nserver3 3\\n6\", \"output\": \"Request 1 -> server1\\nRequest 2 -> server3\\nRequest 3 -> server1\\nRequest 4 -> server3\\nRequest 5 -> server3\\nRequest 6 -> server2\"}]',100.00,900,1,'2025-08-10 22:25:33','2025-08-10 22:25:33','advanced',100),(196,15,'Rate Limiter','**Objective**\nImplement rate limiting.\n\n**Commands:**\n- LIMIT resource requests window - Set limit\n- REQUEST user resource - Make request\n- STATUS user resource - Check status\n- RESET user resource - Reset counter\n- BLACKLIST user duration - Block user\n- EXIT\n\n**Output:**\nALLOWED or DENIED with reason.','javascript',NULL,'[]',100.00,900,2,'2025-08-10 22:25:33','2025-08-10 22:25:33','intermediate',100),(197,15,'Distributed Cache','**Objective**\nDesign distributed cache.\n\n**Commands:**\n- NODE add name capacity - Add cache node\n- PUT key value - Store in cache\n- GET key - Retrieve value\n- REBALANCE - Rebalance data\n- REPLICATE factor - Set replication\n- EXIT\n\n**Features:**\n- Consistent hashing\n- Replication\n- Auto-rebalancing\n\n**Output:**\nCache operations and node distribution.','javascript',NULL,'[]',100.00,1200,3,'2025-08-10 22:25:33','2025-08-10 22:25:33','expert',100),(198,16,'Query Optimizer','**Objective**\nOptimize database queries.\n\n**Given Query:**\n```sql\nSELECT * FROM orders o\nJOIN customers c ON o.customer_id = c.id\nWHERE o.date > \"2024-01-01\"\nAND c.country = \"USA\"\nORDER BY o.total DESC\n```\n\n**Tasks:**\n1. Identify issues\n2. Suggest indexes\n3. Rewrite query\n4. Explain plan\n\n**Output:**\nOptimized query with explanations.','sql',NULL,'[]',100.00,900,1,'2025-08-10 22:25:33','2025-08-10 22:25:33','advanced',100),(199,16,'Schema Migration','**Objective**\nDatabase migration tool.\n\n**Commands:**\n- CREATE migration_name - Create migration\n- UP version - Apply migrations\n- DOWN version - Rollback to version\n- STATUS - Current version\n- VALIDATE - Check integrity\n- EXIT\n\n**Example:**\nInput:\n```\nCREATE add_users_table\nUP 1\nSTATUS\nEXIT\n```\nOutput:\n```\nMigration created: add_users_table\nApplied: add_users_table\nCurrent version: 1\n```','sql',NULL,'[{\"input\": \"CREATE add_users_table\\nUP 1\\nSTATUS\\nEXIT\", \"output\": \"Migration created: add_users_table\\nApplied: add_users_table\\nCurrent version: 1\"}]',100.00,900,2,'2025-08-10 22:25:33','2025-08-10 22:25:33','intermediate',100),(200,16,'Index Analyzer','**Objective**\nAnalyze and suggest indexes.\n\n**Commands:**\n- ANALYZE table - Analyze table\n- SUGGEST query - Suggest indexes for query\n- CREATE INDEX name ON table(columns) - Create index\n- DROP INDEX name - Drop index\n- STATS - Index statistics\n- EXIT\n\n**Output:**\nIndex recommendations and performance impact.','sql',NULL,'[]',100.00,1200,3,'2025-08-10 22:25:33','2025-08-10 22:25:33','advanced',100),(201,17,'GraphQL Resolver','**Objective**\nCreate GraphQL API.\n\n**Schema:**\n```graphql\ntype Post {\n  id: ID!\n  title: String!\n  author: User!\n  comments: [Comment!]!\n}\n```\n\n**Implement:**\n- Query posts with pagination\n- Filter by author\n- Sort by date\n- N+1 optimization\n\n**Output:**\nResolver implementation.','javascript',NULL,'[]',100.00,900,1,'2025-08-10 22:25:33','2025-08-10 22:25:33','advanced',100),(202,17,'API Gateway','**Objective**\nBuild API gateway.\n\n**Commands:**\n- ROUTE path service - Add route\n- MIDDLEWARE name config - Add middleware\n- REQUEST method path body - Make request\n- CACHE route duration - Cache responses\n- MONITOR - Show metrics\n- EXIT\n\n**Middleware:**\n- AUTH, RATE_LIMIT, CORS, LOGGING\n\n**Output:**\nRequest routing and processing.','javascript',NULL,'[]',100.00,1200,2,'2025-08-10 22:25:33','2025-08-10 22:25:33','advanced',100),(203,17,'Webhook Manager','**Objective**\nManage webhooks.\n\n**Commands:**\n- REGISTER url events - Register webhook\n- TRIGGER event data - Trigger webhooks\n- RETRY webhook_id - Retry failed webhook\n- STATUS webhook_id - Check status\n- UNREGISTER webhook_id - Remove webhook\n- EXIT\n\n**Features:**\n- Retry logic\n- Signature verification\n- Event filtering\n\n**Output:**\nWebhook delivery status.','javascript',NULL,'[]',100.00,900,3,'2025-08-10 22:25:33','2025-08-10 22:25:33','intermediate',100),(204,18,'Order Processing System','**Objective**\nE-commerce order processing.\n\n**Commands:**\n- ORDER customer_id product_id quantity - Create order\n- CANCEL order_id - Cancel if not shipped\n- SHIP order_id - Mark as shipped\n- DELIVER order_id - Mark delivered\n- RETURN order_id reason - Process return\n- STATUS order_id - Check status\n- REPORT - Sales summary\n- EXIT\n\n**Business Rules:**\n- Check inventory\n- Cannot cancel shipped orders\n- Returns within 30 days\n\n**Example:**\nInput:\n```\nORDER 1 101 2\nSHIP 1\nSTATUS 1\nREPORT\nEXIT\n```\nOutput:\n```\nOrder 1 created\nOrder 1 shipped\nOrder 1: SHIPPED\nTotal Orders: 1, Revenue: $200\n```','java',NULL,'[{\"input\": \"ORDER 1 101 2\\nSHIP 1\\nSTATUS 1\\nREPORT\\nEXIT\", \"output\": \"Order 1 created\\nOrder 1 shipped\\nOrder 1: SHIPPED\\nTotal Orders: 1, Revenue: $200\"}]',100.00,1200,1,'2025-08-10 22:25:33','2025-08-10 22:25:33','advanced',100),(205,18,'Spring Boot Microservice','**Objective**\nBuild user microservice.\n\n**Endpoints:**\n- POST /users - Create user\n- GET /users/{id} - Get user\n- PUT /users/{id} - Update user\n- DELETE /users/{id} - Delete user\n- GET /users/search - Search users\n\n**Requirements:**\n- JPA repositories\n- Service layer\n- Exception handling\n- Validation\n- Unit tests','java',NULL,'[]',100.00,1500,2,'2025-08-10 22:25:33','2025-08-10 22:25:33','advanced',100),(206,18,'Event-Driven System','**Objective**\nImplement event processing.\n\n**Commands:**\n- PUBLISH topic event data - Publish event\n- SUBSCRIBE topic handler - Subscribe to topic\n- PROCESS - Process event queue\n- REPLAY from_time to_time - Replay events\n- STATUS - Queue status\n- EXIT\n\n**Topics:**\n- USER_CREATED\n- ORDER_PLACED\n- PAYMENT_PROCESSED\n\n**Output:**\nEvent processing log.','java',NULL,'[]',100.00,1500,3,'2025-08-10 22:25:33','2025-08-10 22:25:33','expert',100),(207,18,'Caching Strategy','**Objective**\nImplement caching layer.\n\n**Commands:**\n- CACHE_ASIDE key - Cache aside pattern\n- WRITE_THROUGH key value - Write through\n- WRITE_BEHIND key value - Write behind\n- REFRESH key - Refresh cache\n- EVICT pattern - Evict matching keys\n- STATS - Cache statistics\n- EXIT\n\n**Output:**\nCache operations and hit/miss ratio.','java',NULL,'[]',100.00,1200,4,'2025-08-10 22:25:33','2025-08-10 22:25:33','advanced',100),(208,19,'Test Suite Generator','**Objective**\nGenerate test cases.\n\n**Input:**\nComponent structure and props\n\n**Generate:**\n- Unit tests\n- Integration tests\n- Snapshot tests\n- Coverage report\n\n**Example Component:**\n```jsx\nfunction Calculator({ initial = 0 }) {\n  const [value, setValue] = useState(initial);\n  const add = (n) => setValue(value + n);\n  return <div>{value}</div>;\n}\n```\n\n**Output:**\nComplete Jest test suite.','javascript',NULL,'[]',100.00,900,1,'2025-08-10 22:25:33','2025-08-10 22:25:33','intermediate',100),(209,19,'E2E Test Automation','**Objective**\nCypress E2E tests.\n\n**Scenarios:**\n1. User registration\n2. Login flow\n3. Product purchase\n4. Password reset\n\n**Requirements:**\n- Page objects\n- Custom commands\n- API mocking\n- Visual regression\n\n**Output:**\nCypress test implementation.','javascript',NULL,'[]',100.00,1200,2,'2025-08-10 22:25:33','2025-08-10 22:25:33','advanced',100),(210,19,'Performance Testing','**Objective**\nPerformance test suite.\n\n**Commands:**\n- MEASURE component metric - Measure performance\n- PROFILE duration - Profile execution\n- MEMORY - Check memory leaks\n- BUNDLE - Analyze bundle size\n- LIGHTHOUSE - Run Lighthouse audit\n- EXIT\n\n**Metrics:**\n- Render time\n- Re-render count\n- Memory usage\n- Bundle size\n\n**Output:**\nPerformance report with recommendations.','javascript',NULL,'[]',100.00,1200,3,'2025-08-10 22:25:33','2025-08-10 22:25:33','advanced',100),(211,20,'Service Mesh Router','**Objective**\nService mesh routing.\n\n**Features:**\n- Route by path/headers\n- Circuit breaker\n- Retry with backoff\n- Load balancing\n- Request tracing\n\n**Input:**\nRequest details and service registry\n\n**Output:**\nRouting decisions with trace IDs\n\n**Example:**\nInput:\n```\nGET /api/users\nService: user-service (3 instances)\nHealth: instance-1 (healthy), instance-2 (slow), instance-3 (healthy)\n```\nOutput:\n```\nRoute to: instance-1\nTrace-ID: abc-123\nResponse-Time: 45ms\n```','javascript',NULL,'[{\"input\": \"GET /api/users\\nService: user-service\\nHealth: healthy slow healthy\", \"output\": \"Route to: instance-1\\nTrace-ID: abc-123\\nResponse-Time: 45ms\"}]',100.00,1200,1,'2025-08-10 22:25:33','2025-08-10 22:25:33','expert',100),(212,20,'Service Discovery','**Objective**\nService discovery system.\n\n**Commands:**\n- REGISTER service host port - Register service\n- DISCOVER service - Find service instances\n- HEALTH service instance status - Update health\n- DEREGISTER service instance - Remove instance\n- WATCH service - Watch for changes\n- EXIT\n\n**Output:**\nService registry status.','javascript',NULL,'[]',100.00,1200,2,'2025-08-10 22:25:33','2025-08-10 22:25:33','advanced',100),(213,20,'Saga Orchestrator','**Objective**\nDistributed transaction saga.\n\n**Commands:**\n- START saga_type data - Start saga\n- STEP saga_id step_name status - Update step\n- COMPENSATE saga_id - Rollback saga\n- STATUS saga_id - Check saga status\n- RETRY saga_id step - Retry failed step\n- EXIT\n\n**Saga Types:**\n- ORDER_FULFILLMENT\n- USER_REGISTRATION\n- PAYMENT_PROCESSING\n\n**Output:**\nSaga execution log with compensation.','javascript',NULL,'[]',100.00,1500,3,'2025-08-10 22:25:33','2025-08-10 22:25:33','expert',100);
/*!40000 ALTER TABLE `questions` ENABLE KEYS */;
UNLOCK TABLES;

--
-- Table structure for table `submissions`
--

DROP TABLE IF EXISTS `submissions`;
/*!40101 SET @saved_cs_client     = @@character_set_client */;
/*!50503 SET character_set_client = utf8mb4 */;
CREATE TABLE `submissions` (
  `id` int NOT NULL AUTO_INCREMENT,
  `user_id` int NOT NULL,
  `question_id` int NOT NULL,
  `code` text NOT NULL,
  `language` enum('javascript','python','java','sql') NOT NULL,
  `status` enum('pending','running','passed','failed','error','timeout') NOT NULL DEFAULT 'pending',
  `score` decimal(5,2) DEFAULT '0.00',
  `execution_time` int DEFAULT NULL,
  `memory_used` varchar(50) DEFAULT NULL,
  `test_results` json DEFAULT NULL,
  `error_message` text,
  `submitted_at` timestamp NULL DEFAULT CURRENT_TIMESTAMP,
  `updated_at` timestamp NULL DEFAULT CURRENT_TIMESTAMP ON UPDATE CURRENT_TIMESTAMP,
  `executed_at` timestamp NULL DEFAULT NULL,
  PRIMARY KEY (`id`),
  KEY `user_id` (`user_id`),
  KEY `question_id` (`question_id`),
  CONSTRAINT `submissions_ibfk_1` FOREIGN KEY (`user_id`) REFERENCES `users` (`id`) ON DELETE CASCADE,
  CONSTRAINT `submissions_ibfk_2` FOREIGN KEY (`question_id`) REFERENCES `questions` (`id`) ON DELETE CASCADE
) ENGINE=InnoDB AUTO_INCREMENT=31 DEFAULT CHARSET=utf8mb4 COLLATE=utf8mb4_0900_ai_ci;
/*!40101 SET character_set_client = @saved_cs_client */;

--
-- Dumping data for table `submissions`
--

LOCK TABLES `submissions` WRITE;
/*!40000 ALTER TABLE `submissions` DISABLE KEYS */;
/*!40000 ALTER TABLE `submissions` ENABLE KEYS */;
UNLOCK TABLES;

--
-- Table structure for table `test_results`
--

DROP TABLE IF EXISTS `test_results`;
/*!40101 SET @saved_cs_client     = @@character_set_client */;
/*!50503 SET character_set_client = utf8mb4 */;
CREATE TABLE `test_results` (
  `id` int NOT NULL AUTO_INCREMENT,
  `submission_id` int NOT NULL,
  `test_case_index` int NOT NULL,
  `input` text,
  `expected_output` text,
  `actual_output` text,
  `passed` tinyint(1) DEFAULT '0',
  `execution_time` int DEFAULT NULL COMMENT 'Temps en ms',
  `error_message` text,
  `created_at` timestamp NULL DEFAULT CURRENT_TIMESTAMP,
  PRIMARY KEY (`id`),
  KEY `idx_submission_test` (`submission_id`,`test_case_index`),
  CONSTRAINT `test_results_ibfk_1` FOREIGN KEY (`submission_id`) REFERENCES `submissions` (`id`) ON DELETE CASCADE
) ENGINE=InnoDB AUTO_INCREMENT=7 DEFAULT CHARSET=utf8mb4 COLLATE=utf8mb4_0900_ai_ci;
/*!40101 SET character_set_client = @saved_cs_client */;

--
-- Dumping data for table `test_results`
--

LOCK TABLES `test_results` WRITE;
/*!40000 ALTER TABLE `test_results` DISABLE KEYS */;
/*!40000 ALTER TABLE `test_results` ENABLE KEYS */;
UNLOCK TABLES;

--
-- Table structure for table `test_sessions`
--

DROP TABLE IF EXISTS `test_sessions`;
/*!40101 SET @saved_cs_client     = @@character_set_client */;
/*!50503 SET character_set_client = utf8mb4 */;
CREATE TABLE `test_sessions` (
  `id` int NOT NULL AUTO_INCREMENT,
  `candidate_id` int NOT NULL,
  `assessment_id` int NOT NULL,
  `started_at` timestamp NULL DEFAULT CURRENT_TIMESTAMP,
  `ended_at` timestamp NULL DEFAULT NULL,
  `status` enum('in_progress','completed','abandoned') DEFAULT 'in_progress',
  `session_token` varchar(255) DEFAULT NULL,
  PRIMARY KEY (`id`),
  UNIQUE KEY `session_token` (`session_token`),
  KEY `assessment_id` (`assessment_id`),
  KEY `idx_session_token` (`session_token`),
  KEY `idx_candidate_assessment` (`candidate_id`,`assessment_id`),
  CONSTRAINT `test_sessions_ibfk_1` FOREIGN KEY (`candidate_id`) REFERENCES `users` (`id`) ON DELETE CASCADE,
  CONSTRAINT `test_sessions_ibfk_2` FOREIGN KEY (`assessment_id`) REFERENCES `assessments` (`id`) ON DELETE CASCADE
) ENGINE=InnoDB DEFAULT CHARSET=utf8mb4 COLLATE=utf8mb4_0900_ai_ci;
/*!40101 SET character_set_client = @saved_cs_client */;

--
-- Dumping data for table `test_sessions`
--

LOCK TABLES `test_sessions` WRITE;
/*!40000 ALTER TABLE `test_sessions` DISABLE KEYS */;
/*!40000 ALTER TABLE `test_sessions` ENABLE KEYS */;
UNLOCK TABLES;

--
-- Table structure for table `users`
--

DROP TABLE IF EXISTS `users`;
/*!40101 SET @saved_cs_client     = @@character_set_client */;
/*!50503 SET character_set_client = utf8mb4 */;
CREATE TABLE `users` (
  `id` int NOT NULL AUTO_INCREMENT,
  `username` varchar(255) NOT NULL,
  `email` varchar(255) NOT NULL,
  `password_hash` varchar(255) NOT NULL,
  `first_name` varchar(255) DEFAULT NULL,
  `last_name` varchar(255) DEFAULT NULL,
  `role` enum('candidate','recruiter','admin') NOT NULL DEFAULT 'candidate',
  `created_at` timestamp NULL DEFAULT CURRENT_TIMESTAMP,
  `updated_at` timestamp NULL DEFAULT CURRENT_TIMESTAMP ON UPDATE CURRENT_TIMESTAMP,
  `status` enum('active','inactive','pending') DEFAULT 'active',
  `reset_token` varchar(255) DEFAULT NULL,
  `reset_token_expiry` datetime DEFAULT NULL,
  `first_login` tinyint(1) DEFAULT '1',
  `password_set` tinyint(1) DEFAULT '0',
  `invitation_token` varchar(255) DEFAULT NULL COMMENT 'Token for first-time login',
  `invitation_token_expiry` datetime DEFAULT NULL COMMENT 'Expiry time for invitation token',
  PRIMARY KEY (`id`),
  UNIQUE KEY `username` (`username`),
  UNIQUE KEY `email` (`email`),
  KEY `idx_reset_token` (`reset_token`),
  KEY `idx_invitation_token` (`invitation_token`)
) ENGINE=InnoDB AUTO_INCREMENT=23 DEFAULT CHARSET=utf8mb4 COLLATE=utf8mb4_0900_ai_ci;
/*!40101 SET character_set_client = @saved_cs_client */;

--
-- Dumping data for table `users`
--

LOCK TABLES `users` WRITE;
/*!40000 ALTER TABLE `users` DISABLE KEYS */;
INSERT INTO `users` VALUES (1,'admin','admin@test.com','$2b$10$ztj6syblMpxLdl4pBHxMYuTl1IFEjOJ0/s.pUl4i55vLD/TYbzPxO','Admin','User','admin','2025-08-03 16:25:27','2025-08-09 19:58:08','active',NULL,NULL,0,0,NULL,NULL),(2,'recruiter','recruiter@test.com','$2b$10$ztj6syblMpxLdl4pBHxMYuTl1IFEjOJ0/s.pUl4i55vLD/TYbzPxO','Recruiter','User','recruiter','2025-08-03 16:25:27','2025-08-09 19:58:08','active',NULL,NULL,0,0,NULL,NULL),(3,'candidate','candidate@test.com','','Candidate','User','candidate','2025-08-03 16:25:27','2025-08-10 16:17:27','active',NULL,NULL,0,1,NULL,NULL),(4,'sarah.johnson','sarah.johnson@email.com','$2b$10$hash1example','Sarah','Johnson','candidate','2024-01-10 08:00:00','2025-08-09 17:40:15','active',NULL,NULL,0,1,NULL,NULL),(5,'mike.chen','mike.chen@email.com','$2b$10$hash2example','Mike','Chen','candidate','2024-01-11 09:15:00','2025-08-09 17:40:15','active',NULL,NULL,0,1,NULL,NULL),(6,'emma.davis','emma.davis@email.com','$2b$10$hash3example','Emma','Davis','candidate','2024-01-12 10:30:00','2025-08-09 17:40:15','active',NULL,NULL,0,1,NULL,NULL),(7,'alex.rodriguez','alex.rodriguez@email.com','$2b$10$hash4example','Alex','Rodriguez','candidate','2024-01-13 11:45:00','2025-08-09 17:40:15','active',NULL,NULL,0,1,NULL,NULL),(8,'lisa.wang','lisa.wang@email.com','$2b$10$hash5example','Lisa','Wang','candidate','2024-01-14 13:20:00','2025-08-09 17:40:15','active',NULL,NULL,0,1,NULL,NULL),(14,'john.smith','john.smith@techcorp.com','$2b$10$samplehash1','John','Smith','candidate','2025-08-09 15:12:12','2025-08-09 17:40:15','active',NULL,NULL,0,1,NULL,NULL),(15,'maria.garcia','maria.garcia@devstudio.com','$2b$10$samplehash2','Maria','Garcia','candidate','2025-08-09 15:12:12','2025-08-09 17:40:15','active',NULL,NULL,0,1,NULL,NULL),(16,'david.wilson','david.wilson@innovate.io','$2b$10$samplehash3','David','Wilson','candidate','2025-08-09 15:12:12','2025-08-09 17:40:15','active',NULL,NULL,0,1,NULL,NULL),(17,'sophie.brown','sophie.brown@codelab.net','$2b$10$samplehash4','Sophie','Brown','candidate','2025-08-09 15:12:12','2025-08-09 17:40:15','active',NULL,NULL,0,1,NULL,NULL),(18,'james.taylor','james.taylor@webdev.org','$2b$10$samplehash5','James','Taylor','candidate','2025-08-09 15:12:12','2025-08-09 17:40:15','active',NULL,NULL,0,1,NULL,NULL),(20,'BWissal','wissal.bensadoun@hotmail.fr','$2b$10$qL9vnZ9m6XvxDshtzXRUJekGrU2JUM4vVTWeO4Ntf/WDarcplEsji','Wissal','BENSADOUN','candidate','2025-08-09 18:12:54','2025-08-09 19:58:08','active',NULL,NULL,0,0,NULL,NULL),(21,'johndoe123','john.doe@example.com','$2b$10$OT1wskyU.JiJkv0e7ZnLmOZhZIUGsZmB7bBG.VGhKQ2ZJ4Yv0SYt.','John','Doe','candidate','2025-08-09 18:37:21','2025-08-09 19:58:08','active',NULL,NULL,0,0,NULL,NULL),(22,'testy','testttt@gmail.com','$2b$10$6HO0prMC3yKwds/fJCzgWefR5WjpS6mOJkxhGFZMOjOlqBr57Tuda','test','tesy','candidate','2025-08-09 19:53:03','2025-08-09 19:58:08','active',NULL,NULL,0,0,NULL,NULL);
/*!40000 ALTER TABLE `users` ENABLE KEYS */;
UNLOCK TABLES;
/*!40103 SET TIME_ZONE=@OLD_TIME_ZONE */;

/*!40101 SET SQL_MODE=@OLD_SQL_MODE */;
/*!40014 SET FOREIGN_KEY_CHECKS=@OLD_FOREIGN_KEY_CHECKS */;
/*!40014 SET UNIQUE_CHECKS=@OLD_UNIQUE_CHECKS */;
/*!40101 SET CHARACTER_SET_CLIENT=@OLD_CHARACTER_SET_CLIENT */;
/*!40101 SET CHARACTER_SET_RESULTS=@OLD_CHARACTER_SET_RESULTS */;
/*!40101 SET COLLATION_CONNECTION=@OLD_COLLATION_CONNECTION */;
/*!40111 SET SQL_NOTES=@OLD_SQL_NOTES */;

-- Dump completed on 2025-08-10 23:33:56
